create database Airport
create table airplane ( arpbrand char(100) not null, passcap int not null , flttimecap int , mission char(50) not null , age int not null , fltankcap int not null , motornum int not null , reptype char(50) , repcost int)
create table passanger ( passname char(100) not null , passage int not null , passgender char(10) not null )
create table flight ( fltnum char(10) not null , arpbrand char(100) not null , airline char(100) not null , situation char(30) not null , origin char(200) not null , dest char(200) not null , passnum int not null  ,Terminal char(20) not null , fltdate char(20) not null , arrtime char(10) not null , flttime char(10) not null , sumflttime char(10) not null , arpspeed int , serv char(500))
create table passflt ( fltnum char(50) not null , passname char(100) not null , class char(20) not null, tcktnum char(50) not null , seat char(10) not null , passlugweight int not null )
create table airport (arptname char(100), city char(100) not null , runwaynum int not null , runwaylength char(30) , terminalnum int not null , terminaltypes char(100) not null , faciliates char(500) , accesspath char(200))

insert into airplane values ( 'Airbus' , 250 , 20 , 'cargo' , 54 , 1300 , 4 , 'easy maintenance' , 67000)
insert into airplane values ( 'Boeing' , 300 , 27 , 'airliner' , 13 , 1680 , 4 , 'easy maintenance' , 89000)
insert into airplane values ( 'Boeing' , 200 , 17 , 'airliner' , 20 , 1150 , 2 , 'easy maintenance' , 54000)
insert into airplane values ( 'Airbus' , 225 , 19 , 'airliner' , 41 , 1230 , 2 , 'easy maintenance' , 53000)
insert into airplane values ( 'Bombardier' , 215 , 16 , 'airliner' , 10 , 1100 , 2 , 'easy maintenance' , 53000)
insert into airplane values ( 'Fokker' , 225 , 19 , 'airliner' , 54 , 1700 , 2 , 'not easy maintenance' , 164000)
insert into airplane values ( 'Airbus' , 570 , 37 , 'airliner' , 17 , 1900 , 4 , 'easy maintenance' , 100000)
insert into airplane values ( 'Boeing' , 650 , 37 , 'cargo' , 25 , 1950 , 4 , 'easy maintenance' , 110000)
delete from airplane where arpbrand='Fokker'

insert into passanger values ('Bill Gates' , 67 , 'male')
insert into passanger values ('Jeffrey Bezos' , 58 , 'male')
insert into passanger values ('Mark Zuckerberg' , 38 , 'male')
insert into passanger values ('Elon Musk' , 51 , 'male')
insert into passanger values ('MacKenzie Scott' , 52 , 'female')
insert into passanger values ('Cristiano Ronaldo' , 37 , 'male')
insert into passanger values ('Angelina Jolie' , 47 , 'female')
insert into passanger values ('Lawrence Edward Page' , 49 , 'male')
insert into passanger values ('Leyli Eydi' , 23 , 'female')
insert into passanger values ('Zahra Sadeghi' , 22 , 'female')

insert into flight values('BD1326' , 'Fokker' , 'EMERALD' , 'cancelled' , 'Newcastle' , 'Dublin' , 225 , 'International' , '12/22/2022' ,'9AM' , '10AM' , '1' , 1062 , 'drinks')
insert into passflt values('BD1326' , 'Bill Gates' , 'First Class' , '894932748321/1' , '3A' , 20 )
insert into passflt values('BD1326' , 'Mark Zuckerberg' , 'Economic' , '894932748321/1' , '76A' , 16 )
insert into flight values('US1786' , 'Airbus' , 'Alaska' , 'on time' , 'NewYork','Hollywood', 570 , 'Internal' , '12/24/2022' ,'9AM' , '10AM' , '1' , 1100 , 'drinks')
insert into passflt values('US1786' , 'Elon Musk' , 'First Class' , '8993735871/3' , '6B' , 10 )
insert into flight values('IR64' , 'Fokker' , 'Aseman' , 'Delayed' , 'Shiraz','Tehran', 225 , 'Internal' , '1/10/1401' ,'9AM' , '10:30AM' , '1/5' , 1050 , 'drinks')
insert into passflt values('IR64' , 'Leyli Eydi' , 'Economic' , '8754361' , '5C' , 5)
insert into passflt values('IR64' , 'Zahra Sadeghi' , 'Economic' , '8754361' , '5B' , 3)
insert into passflt values('IR64' , 'Zahra Agah' , 'Economic' , '8754361' , '5A' , 8)
insert into flight values('HS476' , 'Bombardier' , 'Delta' , 'on time' , 'Boston' , 'San Francisco' , 215 , 'Internal' , '12/30/2022' ,'9AM' , '11AM' , 2 , 1057 , 'drinks')
insert into passflt values('HS476' , 'Angelina Jolie' , 'Business' , '2464266244/1' , '5D' , 8 )
insert into flight values('FE325' , 'Boeing' , 'Hawaiian' , 'on time' , 'Los Angeles','Paris', 300 , 'International' , '1/20/2023' ,'9:15PM ' , '7PM' , '9:45' , 1040 , 'lunch , dinner , drinks')
insert into passflt values('FE325' , 'MacKenzie Scott' , 'Business' , '98735186' , '3C' , 15 )
insert into flight values('LK7313' , 'Boeing' , 'Eurowings' , 'delayed' , 'Berlin','Rome', 200 , 'International' , '12/22/2022' ,'7AM' , '9AM' , 2 , 1060 , 'drinks')
insert into passflt values('LK7313' , 'Cristiano Ronaldo' , 'Premium Economy' , '109324757' , '43D' , 12 )
delete from passflt where class='economic'
select* from flight
select* from passflt

insert into airport values('Dastgheyb' ,'Shiraz' , 2 , '4272, 4334' , 2 , 'Internal , International' , 'Parking lot - shops' , 'subway , taxi')
insert into airport values('Imam Khomeyni' ,'Tehran' , 5 , '' , 3 , '1 , Salam , IranShahr' , 'shops - free Internet' , 'subway , taxi')
insert into airport values('Mehr aAbad' ,'Tehran' , 5 , '' , 6 , '1,2,3,4,5,6' , 'shops' , 'subway , taxi')
insert into airport values('Hashemi Nezhad' ,'Mashahd' , 2 , '' , 2 , '1,2' , 'shops - parking lot' , 'subway , taxi')
